{"stats":{"minecraft:custom":{"minecraft:mob_kills":2,"minecraft:interact_with_crafting_table":6,"minecraft:leave_game":6,"minecraft:time_since_death":3730,"minecraft:sleep_in_bed":3,"minecraft:climb_one_cm":14150,"minecraft:time_since_rest":3128,"minecraft:sprint_one_cm":76448,"minecraft:damage_taken":3075,"minecraft:walk_one_cm":168497,"minecraft:drop":16,"minecraft:damage_dealt":826,"minecraft:fly_one_cm":120418,"minecraft:crouch_one_cm":23177,"minecraft:play_time":69755,"minecraft:deaths":11,"minecraft:sneak_time":6910,"minecraft:walk_under_water_one_cm":3016,"minecraft:jump":1253,"minecraft:walk_on_water_one_cm":5231,"minecraft:total_world_time":69755,"minecraft:fall_one_cm":25216},"minecraft:killed":{"minecraft:enderman":2},"minecraft:killed_by":{"minecraft:vex":1},"minecraft:picked_up":{"minecraft:crafting_table":1,"minecraft:wheat":122,"minecraft:flower_pot":1,"minecraft:andesite":1,"minecraft:ochre_froglight":1,"minecraft:birch_planks":2,"minecraft:oak_log":11,"minecraft:chain":2,"minecraft:lantern":20,"minecraft:dirt":153,"minecraft:wheat_seeds":205,"minecraft:andesite_stairs":1,"minecraft:spruce_slab":2,"minecraft:lectern":1,"minecraft:sugar_cane":10,"minecraft:flowering_azalea":1,"minecraft:oak_planks":6,"minecraft:book":12,"minecraft:scaffolding":2,"minecraft:torch":1,"minecraft:spruce_fence":1,"minecraft:grass_block":2,"minecraft:spider_eye":2,"minecraft:yellow_carpet":9,"minecraft:purple_candle":4,"minecraft:polished_andesite":2,"minecraft:rotten_flesh":1,"alexsmobs:maggot":2,"minecraft:oak_sapling":1,"minecraft:glow_berries":1,"minecraft:mutton":2,"minecraft:coal":12,"minecraft:white_wool":1,"minecraft:cobblestone":19,"minecraft:ender_pearl":2},"minecraft:mined":{"minecraft:tuff":1,"minecraft:scaffolding":2,"minecraft:farmland":6,"minecraft:potted_flowering_azalea_bush":1,"minecraft:purple_candle":1,"minecraft:crafting_table":1,"minecraft:torch":1,"minecraft:cave_vines_plant":2,"minecraft:grass_block":167,"minecraft:yellow_carpet":4,"minecraft:lectern":1,"minecraft:sugar_cane":3,"minecraft:wheat":119,"minecraft:grass":24,"minecraft:oak_log":8,"minecraft:bookshelf":4,"minecraft:coal_ore":12,"minecraft:cave_vines":1,"minecraft:ochre_froglight":1,"minecraft:lantern":10,"minecraft:dirt":20,"minecraft:stone":19},"minecraft:dropped":{"minecraft:birch_planks":2,"minecraft:wheat_seeds":1,"minecraft:rotten_flesh":1,"minecraft:lantern":10,"minecraft:polished_andesite":2,"minecraft:stick":3,"minecraft:dirt":4,"minecraft:andesite":1,"minecraft:andesite_stairs":1,"minecraft:chain":1,"minecraft:spider_eye":2,"minecraft:spruce_slab":2},"minecraft:used":{"minecraft:stone_sword":64,"minecraft:stone_shovel":117,"minecraft:stone_pickaxe":110,"minecraft:oak_planks":18,"minecraft:wooden_pickaxe":15,"minecraft:wooden_shovel":66,"minecraft:torch":1,"minecraft:dirt":37,"minecraft:crafting_table":2,"minecraft:ochre_froglight":1,"minecraft:bread":1,"minecraft:stone_axe":14,"minecraft:cobblestone":7,"minecraft:oak_sapling":1,"tombstone:gift":2},"minecraft:broken":{"minecraft:wooden_shovel":1},"minecraft:crafted":{"minecraft:oak_planks":32,"minecraft:wooden_shovel":1,"minecraft:stone_shovel":1,"minecraft:crafting_table":1,"minecraft:wooden_pickaxe":1,"minecraft:stone_axe":1,"minecraft:bread":1,"minecraft:stick":16,"minecraft:stone_pickaxe":1,"minecraft:stone_sword":1}},"DataVersion":3465}