{"stats":{"minecraft:dropped":{"minecraft:wheat_seeds":3,"alexsmobs:gazelle_horn":1,"chococraft:chocobo_feather":1,"minecraft:rotten_flesh":1,"minecraft:book":2,"chococraft:gysahl_green_seeds":8,"minecraft:item_frame":1,"minecraft:wooden_axe":1,"minecraft:writable_book":1,"minecraft:stone_pressure_plate":8,"minecraft:wooden_sword":1,"minecraft:arrow":1,"minecraft:wooden_pickaxe":1},"minecraft:used":{"minecraft:water_bucket":1,"minecraft:writable_book":2,"minecraft:glass_bottle":18,"minecraft:shield":1,"minecraft:wooden_pickaxe":16,"minecraft:iron_sword":32,"minecraft:iron_chestplate":1,"anthropology_items__structures:hunters_machete":26,"minecraft:sand":1,"minecraft:crafting_table":4,"minecraft:wooden_axe":45,"minecraft:iron_axe":2,"minecraft:lantern":2,"minecraft:bread":10,"minecraft:iron_pickaxe":31,"minecraft:iron_helmet":1,"minecraft:iron_boots":1,"minecraft:golden_leggings":1,"minecraft:golden_helmet":1,"minecraft:wooden_sword":12,"minecraft:potion":15,"minecraft:furnace":4,"minecraft:oak_sapling":2,"minecraft:bucket":3,"chococraft:gysahl_green":5,"minecraft:yellow_bed":4,"alexsmobs:animal_dictionary":1},"minecraft:picked_up":{"minecraft:crafting_table":2,"minecraft:sandstone_slab":1,"minecraft:leather":5,"minecraft:smithing_table":1,"minecraft:potion":1,"minecraft:oak_log":30,"minecraft:yellow_bed":4,"alexsmobs:gazelle_horn":1,"minecraft:lantern":2,"minecraft:item_frame":1,"chococraft:chocobo_feather":1,"chococraft:gysahl_green":25,"minecraft:wheat_seeds":3,"minecraft:beef":8,"minecraft:iron_ingot":2,"minecraft:iron_pickaxe":2,"minecraft:coal_block":15,"minecraft:iron_sword":1,"minecraft:furnace":8,"minecraft:book":2,"minecraft:sand":16,"chococraft:gysahl_green_seeds":8,"tombstone:grave_dust":3,"minecraft:stone_pressure_plate":8,"minecraft:arrow":1,"minecraft:rotten_flesh":1,"minecraft:hay_block":11,"minecraft:iron_block":1,"minecraft:emerald":1,"minecraft:oak_sapling":2,"minecraft:mutton":5,"minecraft:coal":27,"minecraft:white_wool":3},"minecraft:mined":{"minecraft:smithing_table":1,"minecraft:sandstone_slab":1,"minecraft:quartz_stairs":3,"minecraft:oak_fence":2,"minecraft:crafting_table":2,"minecraft:coal_block":15,"minecraft:tall_grass":13,"minecraft:deepslate_coal_ore":4,"minecraft:sandstone":6,"minecraft:sandstone_stairs":1,"minecraft:hay_block":11,"minecraft:furnace":8,"minecraft:yellow_bed":4,"minecraft:grass":14,"chococraft:gysahl_green":9,"minecraft:oak_log":31,"minecraft:iron_bars":1,"minecraft:sand":16,"minecraft:iron_block":1,"minecraft:infested_stone":3},"minecraft:killed":{"minecraft:creeper":1,"minecraft:sheep":5,"minecraft:skeleton":4,"minecraft:zombie":2,"alexsmobs:gazelle":2,"minecraft:cow":4},"minecraft:custom":{"minecraft:interact_with_furnace":16,"minecraft:mob_kills":18,"minecraft:interact_with_crafting_table":6,"minecraft:open_barrel":7,"minecraft:interact_with_stonecutter":1,"minecraft:leave_game":2,"minecraft:time_since_death":4087,"minecraft:sleep_in_bed":7,"minecraft:climb_one_cm":3898,"minecraft:time_since_rest":0,"minecraft:sprint_one_cm":153921,"minecraft:damage_taken":975,"minecraft:walk_one_cm":128650,"minecraft:damage_blocked_by_shield":20,"minecraft:drop":18,"minecraft:damage_dealt":2205,"minecraft:swim_one_cm":62341,"minecraft:fly_one_cm":369164,"minecraft:open_chest":32,"minecraft:crouch_one_cm":4210,"minecraft:play_time":47854,"tombstone:undead_killed":6,"minecraft:deaths":3,"minecraft:sneak_time":1845,"minecraft:walk_under_water_one_cm":13529,"minecraft:jump":1429,"minecraft:walk_on_water_one_cm":28952,"minecraft:total_world_time":47854,"minecraft:fall_one_cm":32611},"minecraft:crafted":{"minecraft:wooden_sword":1,"minecraft:glass_bottle":3,"minecraft:oak_planks":28,"minecraft:coal":72,"minecraft:crafting_table":2,"comforts:sleeping_bag_white":1,"travelersbackpack:backpack_tank":2,"minecraft:wooden_pickaxe":1,"minecraft:air":0,"minecraft:glass":15,"minecraft:iron_boots":1,"minecraft:iron_axe":1,"minecraft:stick":8,"minecraft:iron_ingot":9,"minecraft:wooden_axe":1,"minecraft:chest":1,"minecraft:wheat":99}},"DataVersion":3465}