{"stats":{"minecraft:crafted":{"minecraft:wooden_sword":1,"minecraft:oak_planks":4,"minecraft:crafting_table":1,"minecraft:wooden_pickaxe":1,"minecraft:birch_planks":40,"minecraft:stone_axe":1,"minecraft:bread":30,"minecraft:stick":12,"minecraft:iron_pickaxe":1,"minecraft:stone_pickaxe":1,"minecraft:stone_sword":1,"minecraft:acacia_planks":12},"minecraft:picked_up":{"minecraft:birch_log":14,"minecraft:crafting_table":3,"minecraft:wheat":96,"minecraft:andesite":1,"minecraft:salmon":1,"minecraft:red_mushroom":1,"minecraft:acacia_wood":3,"minecraft:birch_planks":2,"minecraft:flint":1,"minecraft:tuff":1,"minecraft:oak_log":4,"tombstone:grave_key":1,"minecraft:cobbled_deepslate_stairs":1,"minecraft:dirt":145,"minecraft:string":2,"minecraft:lantern":8,"minecraft:wooden_sword":1,"minecraft:bone":2,"minecraft:wheat_seeds":265,"minecraft:andesite_stairs":1,"minecraft:poppy":1,"minecraft:oak_planks":9,"minecraft:spruce_trapdoor":1,"minecraft:egg":1,"minecraft:smooth_basalt":1,"minecraft:scaffolding":3,"minecraft:stripped_crimson_hyphae":1,"minecraft:dandelion":3,"minecraft:gravel":11,"minecraft:spruce_fence":1,"minecraft:amethyst_shard":2,"minecraft:spider_eye":1,"minecraft:barrel":1,"minecraft:polished_andesite":1,"minecraft:arrow":5,"minecraft:stone_shovel":1,"minecraft:rotten_flesh":3,"minecraft:yellow_carpet":65,"minecraft:diamond":1,"alexsmobs:maggot":3,"minecraft:white_wool":25,"minecraft:cobblestone":8},"minecraft:custom":{"minecraft:mob_kills":12,"tombstone:raider_killed":8,"minecraft:interact_with_crafting_table":11,"minecraft:open_barrel":14,"minecraft:leave_game":12,"minecraft:time_since_death":13183,"minecraft:sleep_in_bed":2,"minecraft:climb_one_cm":13854,"minecraft:time_since_rest":5662,"minecraft:sprint_one_cm":225651,"minecraft:damage_taken":5836,"minecraft:walk_one_cm":198609,"minecraft:drop":25,"minecraft:damage_dealt":2735,"minecraft:swim_one_cm":186356,"minecraft:fly_one_cm":601428,"minecraft:open_chest":2,"minecraft:play_time":111047,"minecraft:crouch_one_cm":10157,"minecraft:sneak_time":5327,"tombstone:undead_killed":1,"minecraft:deaths":17,"minecraft:walk_under_water_one_cm":38790,"minecraft:jump":3691,"minecraft:walk_on_water_one_cm":23166,"minecraft:total_world_time":111047,"minecraft:fall_one_cm":72331},"minecraft:dropped":{"minecraft:iron_ingot":10,"minecraft:wheat_seeds":185,"minecraft:oak_log":3,"minecraft:oak_planks":5,"minecraft:iron_boots":1,"minecraft:spruce_fence":1,"minecraft:yellow_carpet":1,"minecraft:flint":1,"minecraft:polished_andesite":1,"minecraft:dirt":1,"tombstone:grave_key":1,"minecraft:andesite":1,"minecraft:andesite_stairs":1,"minecraft:wooden_sword":2,"minecraft:arrow":2,"minecraft:wooden_pickaxe":1,"minecraft:scaffolding":4,"minecraft:string":2,"minecraft:egg":1,"minecraft:bone":2},"minecraft:killed":{"minecraft:witch":1,"minecraft:vindicator":1,"minecraft:skeleton":1,"minecraft:pillager":6,"alexsmobs:fly":1},"minecraft:mined":{"minecraft:diamond_ore":1,"minecraft:cobbled_deepslate_stairs":1,"minecraft:red_stained_glass":1,"minecraft:andesite_stairs":1,"minecraft:amethyst_cluster":1,"minecraft:orange_stained_glass":1,"minecraft:crafting_table":3,"minecraft:stripped_crimson_hyphae":1,"minecraft:spruce_fence":1,"minecraft:grass_block":72,"minecraft:yellow_carpet":69,"minecraft:tall_grass":6,"minecraft:oak_planks":10,"minecraft:spawner":1,"minecraft:chain":1,"minecraft:birch_planks":2,"minecraft:birch_log":14,"minecraft:wheat":128,"minecraft:acacia_wood":3,"minecraft:andesite":1,"minecraft:grass":31,"minecraft:oak_log":4,"minecraft:lantern":8,"minecraft:gravel":13,"minecraft:dirt":75,"minecraft:smooth_basalt":1,"minecraft:stone":8,"minecraft:polished_andesite":2,"minecraft:white_wool":28,"minecraft:oak_leaves":1,"minecraft:spruce_slab":1},"minecraft:broken":{"minecraft:stone_shovel":1},"minecraft:used":{"minecraft:wheat_seeds":12,"minecraft:stone_sword":44,"minecraft:oak_planks":4,"minecraft:birch_planks":27,"minecraft:stone_pickaxe":17,"minecraft:stone_shovel":135,"minecraft:poppy":1,"minecraft:wooden_pickaxe":5,"minecraft:dirt":144,"minecraft:crafting_table":3,"minecraft:bread":11,"minecraft:lantern":1,"minecraft:iron_pickaxe":3,"minecraft:gravel":12,"minecraft:stone_axe":30,"minecraft:birch_log":4,"tombstone:gift":3,"alexsmobs:animal_dictionary":2,"minecraft:dandelion":3,"minecraft:acacia_planks":12}},"DataVersion":3465}