{"stats":{"minecraft:dropped":{"minecraft:mossy_cobblestone":1,"minecraft:crafting_table":1,"minecraft:cobblestone":64,"minecraft:oak_planks":3,"minecraft:leather_helmet":1,"minecraft:stick":9,"minecraft:raw_gold":1},"minecraft:used":{"minecraft:oak_fence":2,"minecraft:water_bucket":2,"minecraft:glass_bottle":3,"minecraft:stone_pickaxe":130,"minecraft:oak_planks":7,"minecraft:chest":2,"minecraft:wooden_pickaxe":13,"minecraft:shield":3,"minecraft:iron_sword":109,"minecraft:rotten_flesh":1,"minecraft:torch":5,"minecraft:dirt":2,"minecraft:red_bed":3,"minecraft:crafting_table":5,"anthropology_items__structures:limestone":1,"minecraft:oak_log":7,"minecraft:wooden_axe":30,"minecraft:apple":1,"minecraft:iron_axe":11,"minecraft:iron_pickaxe":465,"minecraft:cobblestone":20,"minecraft:potion":2,"minecraft:furnace":2,"minecraft:bucket":3,"tombstone:gift":4,"chococraft:gysahl_green":7,"minecraft:cobbled_deepslate":4},"minecraft:picked_up":{"chococraft:loverly_gysahl_green":4,"minecraft:crafting_table":6,"minecraft:leather":5,"minecraft:tuff":22,"minecraft:oak_log":57,"anthropology_items__structures:limestone":1,"minecraft:dirt":8,"minecraft:red_bed":3,"chococraft:gysahl_green":51,"minecraft:apple":1,"chococraft:gold_gysahl":1,"minecraft:wheat_seeds":1,"minecraft:cobbled_deepslate":140,"minecraft:raw_gold":1,"minecraft:iron_ingot":1,"minecraft:beef":11,"minecraft:glass_bottle":1,"minecraft:oak_planks":8,"minecraft:furnace":2,"minecraft:stick":2,"minecraft:raw_iron":83,"minecraft:oak_fence":3,"chococraft:gysahl_green_seeds":19,"tombstone:grave_dust":1,"minecraft:mossy_cobblestone":1,"minecraft:rotten_flesh":16,"minecraft:diamond":2,"tombstone:magic_scroll":1,"minecraft:oak_sapling":1,"minecraft:coal":31,"minecraft:cobblestone":322,"minecraft:ender_pearl":2},"minecraft:mined":{"minecraft:diamond_ore":2,"minecraft:tuff":22,"anthropology_items__structures:limestone":1,"minecraft:quartz_stairs":6,"minecraft:red_bed":3,"minecraft:mossy_cobblestone":1,"minecraft:oak_fence":2,"minecraft:crafting_table":5,"minecraft:grass_block":4,"minecraft:tall_grass":11,"minecraft:cobblestone":7,"minecraft:deepslate_gold_ore":1,"minecraft:oak_planks":7,"minecraft:sandstone":4,"minecraft:sandstone_stairs":2,"minecraft:furnace":2,"minecraft:iron_ore":45,"minecraft:cobbled_deepslate":9,"minecraft:grass":7,"chococraft:gysahl_green":19,"minecraft:oak_log":56,"minecraft:coal_ore":18,"minecraft:deepslate_iron_ore":15,"minecraft:gravel":1,"minecraft:dirt":4,"minecraft:stone":340,"minecraft:oak_leaves":1,"minecraft:deepslate":133},"minecraft:broken":{"minecraft:iron_pickaxe":1},"minecraft:killed":{"minecraft:pig":2,"minecraft:spider":1,"minecraft:zombie":16,"minecraft:cow":4},"minecraft:custom":{"minecraft:interact_with_furnace":22,"minecraft:mob_kills":23,"minecraft:interact_with_crafting_table":24,"minecraft:open_barrel":7,"minecraft:leave_game":2,"minecraft:time_since_death":13558,"minecraft:sleep_in_bed":3,"minecraft:time_since_rest":455,"minecraft:sprint_one_cm":66335,"minecraft:damage_taken":607,"minecraft:walk_one_cm":140870,"minecraft:damage_blocked_by_shield":75,"minecraft:drop":7,"minecraft:damage_dealt":3860,"minecraft:swim_one_cm":34128,"minecraft:fly_one_cm":141709,"minecraft:open_chest":13,"minecraft:crouch_one_cm":6599,"minecraft:play_time":50581,"tombstone:undead_killed":16,"minecraft:deaths":2,"minecraft:sneak_time":3079,"minecraft:walk_under_water_one_cm":10711,"minecraft:jump":756,"minecraft:walk_on_water_one_cm":12499,"minecraft:total_world_time":50581,"minecraft:fall_one_cm":14157},"minecraft:killed_by":{"minecraft:player":1},"minecraft:crafted":{"minecraft:wooden_sword":1,"minecraft:oak_planks":144,"minecraft:crafting_table":1,"minecraft:wooden_pickaxe":1,"minecraft:iron_helmet":1,"minecraft:iron_sword":1,"minecraft:furnace":1,"minecraft:bucket":1,"minecraft:air":0,"minecraft:iron_boots":1,"minecraft:iron_chestplate":1,"minecraft:shield":1,"minecraft:iron_axe":1,"minecraft:stick":24,"minecraft:iron_ingot":51,"minecraft:iron_pickaxe":2,"minecraft:stone_pickaxe":2,"minecraft:wooden_axe":1,"minecraft:stone_sword":1,"minecraft:chest":2,"minecraft:iron_leggings":1}},"DataVersion":3465}