{"stats":{"minecraft:dropped":{"minecraft:iron_sword":1,"minecraft:mossy_cobblestone":1,"minecraft:crafting_table":1,"minecraft:cobblestone":64,"minecraft:book":3,"minecraft:oak_planks":3,"minecraft:leather_helmet":1,"minecraft:stick":9,"minecraft:raw_gold":1},"minecraft:used":{"minecraft:oak_fence":2,"minecraft:water_bucket":3,"minecraft:glass_bottle":3,"minecraft:stone_pickaxe":130,"minecraft:oak_planks":7,"minecraft:chest":4,"minecraft:wooden_pickaxe":13,"minecraft:shield":3,"minecraft:iron_sword":111,"minecraft:rotten_flesh":1,"minecraft:torch":5,"minecraft:dirt":2,"minecraft:red_bed":5,"minecraft:crafting_table":6,"minecraft:jungle_planks":4,"minecraft:beehive":2,"anthropology_items__structures:limestone":1,"minecraft:oak_log":7,"minecraft:wooden_axe":30,"minecraft:apple":1,"minecraft:iron_axe":41,"minecraft:iron_pickaxe":465,"minecraft:jungle_log":10,"minecraft:spruce_trapdoor":2,"minecraft:cobblestone":20,"minecraft:potion":2,"minecraft:furnace":2,"minecraft:bucket":4,"tombstone:gift":4,"chococraft:gysahl_green":7,"minecraft:cobbled_deepslate":4},"minecraft:picked_up":{"chococraft:loverly_gysahl_green":4,"minecraft:crafting_table":6,"minecraft:jungle_log":25,"minecraft:leather":6,"minecraft:tuff":22,"minecraft:oak_log":57,"anthropology_items__structures:limestone":1,"minecraft:dirt":8,"minecraft:red_bed":5,"chococraft:gysahl_green":51,"minecraft:apple":1,"chococraft:gold_gysahl":1,"minecraft:wheat_seeds":1,"minecraft:cobbled_deepslate":140,"minecraft:raw_gold":1,"minecraft:iron_ingot":1,"minecraft:beef":12,"minecraft:glass_bottle":1,"minecraft:spruce_trapdoor":2,"minecraft:iron_sword":1,"minecraft:oak_planks":56,"minecraft:furnace":2,"minecraft:beehive":2,"minecraft:stick":2,"minecraft:raw_iron":83,"minecraft:oak_fence":3,"chococraft:gysahl_green_seeds":19,"tombstone:grave_dust":1,"minecraft:mossy_cobblestone":1,"minecraft:rotten_flesh":16,"minecraft:diamond":2,"tombstone:magic_scroll":1,"minecraft:oak_sapling":1,"minecraft:coal":31,"minecraft:cobblestone":322,"minecraft:ender_pearl":2},"minecraft:mined":{"minecraft:diamond_ore":2,"minecraft:tuff":22,"anthropology_items__structures:limestone":1,"minecraft:quartz_stairs":6,"minecraft:red_bed":5,"minecraft:mossy_cobblestone":1,"minecraft:jungle_leaves":2,"minecraft:spruce_trapdoor":2,"minecraft:oak_fence":2,"minecraft:crafting_table":6,"minecraft:oak_wood":1,"minecraft:grass_block":4,"minecraft:jungle_log":19,"minecraft:tall_grass":12,"minecraft:cobblestone":7,"minecraft:deepslate_gold_ore":1,"minecraft:oak_planks":7,"minecraft:sandstone":4,"minecraft:sandstone_stairs":2,"minecraft:furnace":2,"minecraft:beehive":2,"minecraft:iron_ore":45,"minecraft:cobbled_deepslate":9,"minecraft:grass":7,"chococraft:gysahl_green":19,"minecraft:oak_log":56,"minecraft:coal_ore":18,"minecraft:vine":2,"minecraft:deepslate_iron_ore":15,"minecraft:gravel":1,"minecraft:dirt":4,"minecraft:stone":340,"minecraft:oak_leaves":1,"minecraft:deepslate":133,"minecraft:jungle_wall_sign":1},"minecraft:broken":{"minecraft:iron_pickaxe":1},"minecraft:killed":{"minecraft:pig":2,"minecraft:spider":1,"minecraft:zombie":16,"minecraft:cow":5},"minecraft:custom":{"minecraft:interact_with_furnace":23,"minecraft:mob_kills":24,"minecraft:interact_with_crafting_table":25,"minecraft:open_barrel":7,"minecraft:leave_game":2,"minecraft:time_since_death":12934,"minecraft:sleep_in_bed":4,"minecraft:climb_one_cm":10301,"minecraft:time_since_rest":1367,"minecraft:sprint_one_cm":99973,"minecraft:damage_taken":865,"minecraft:walk_one_cm":180441,"minecraft:damage_blocked_by_shield":75,"minecraft:drop":9,"minecraft:damage_dealt":3960,"minecraft:swim_one_cm":38263,"minecraft:fly_one_cm":164416,"minecraft:open_chest":20,"minecraft:crouch_one_cm":6733,"minecraft:play_time":65098,"tombstone:undead_killed":16,"minecraft:deaths":3,"minecraft:sneak_time":3158,"minecraft:walk_under_water_one_cm":12270,"minecraft:jump":921,"minecraft:walk_on_water_one_cm":13291,"minecraft:total_world_time":65098,"minecraft:fall_one_cm":17418},"minecraft:killed_by":{"minecraft:player":2},"minecraft:crafted":{"minecraft:wooden_sword":1,"minecraft:oak_planks":144,"minecraft:crafting_table":1,"minecraft:wooden_pickaxe":1,"minecraft:iron_helmet":1,"minecraft:iron_sword":1,"minecraft:furnace":1,"minecraft:bucket":1,"minecraft:jungle_planks":4,"minecraft:air":0,"minecraft:iron_boots":1,"minecraft:iron_chestplate":1,"minecraft:shield":1,"minecraft:iron_axe":1,"minecraft:stick":24,"minecraft:iron_ingot":51,"minecraft:iron_pickaxe":2,"minecraft:stone_pickaxe":2,"minecraft:wooden_axe":1,"minecraft:stone_sword":1,"minecraft:chest":4,"minecraft:iron_leggings":1}},"DataVersion":3465}