{"stats":{"minecraft:crafted":{"minecraft:oak_planks":28,"minecraft:stone_shovel":3,"minecraft:crafting_table":2,"minecraft:wooden_pickaxe":1,"minecraft:stone_axe":2,"minecraft:bread":37,"minecraft:white_wool":4,"minecraft:ladder":12,"minecraft:stick":56,"minecraft:stone_pickaxe":1,"minecraft:stone_sword":1,"minecraft:white_bed":1},"minecraft:picked_up":{"minecraft:crafting_table":1,"minecraft:coarse_dirt":3,"minecraft:wheat":112,"minecraft:potato":1,"minecraft:birch_planks":20,"minecraft:oak_log":25,"minecraft:dirt":223,"minecraft:cornflower":1,"minecraft:string":17,"minecraft:bone":8,"minecraft:wheat_seeds":346,"minecraft:iron_ingot":10,"minecraft:glass_bottle":1,"minecraft:glowstone_dust":2,"minecraft:oak_planks":13,"minecraft:spruce_trapdoor":1,"minecraft:iron_boots":1,"minecraft:stick":4,"minecraft:smooth_basalt":2,"minecraft:dandelion":6,"minecraft:sand":5,"minecraft:amethyst_shard":2,"tombstone:grave_dust":1,"minecraft:spider_eye":1,"minecraft:stone_sword":2,"minecraft:arrow":3,"minecraft:rotten_flesh":20,"minecraft:stone_axe":1,"minecraft:emerald":1,"minecraft:totem_of_undying":1,"alexsmobs:maggot":5,"minecraft:oak_sapling":6,"minecraft:coal":1,"minecraft:white_wool":22,"minecraft:cobblestone":24},"minecraft:killed_by":{"minecraft:vex":1},"minecraft:custom":{"minecraft:mob_kills":34,"tombstone:raider_killed":6,"minecraft:interact_with_crafting_table":11,"minecraft:open_barrel":10,"minecraft:leave_game":11,"minecraft:time_since_death":7966,"minecraft:climb_one_cm":14894,"minecraft:time_since_rest":5567,"minecraft:sprint_one_cm":204670,"minecraft:damage_absorbed":180,"minecraft:damage_taken":6832,"minecraft:walk_one_cm":217041,"tombstone:sneak_grave":2,"minecraft:drop":14,"minecraft:damage_dealt":6550,"minecraft:swim_one_cm":131388,"minecraft:fly_one_cm":558806,"minecraft:open_chest":3,"minecraft:play_time":106640,"minecraft:crouch_one_cm":14687,"minecraft:sneak_time":5591,"tombstone:undead_killed":12,"minecraft:deaths":26,"minecraft:walk_under_water_one_cm":25145,"minecraft:jump":3434,"minecraft:walk_on_water_one_cm":17161,"minecraft:total_world_time":106640,"minecraft:fall_one_cm":58716},"minecraft:dropped":{"alexsmobs:maggot":3,"minecraft:wheat_seeds":10,"minecraft:wheat":1,"minecraft:stone_shovel":1,"minecraft:rotten_flesh":8,"minecraft:gunpowder":1,"minecraft:amethyst_shard":2,"minecraft:spider_eye":3,"minecraft:string":1},"minecraft:killed":{"minecraft:evoker":1,"minecraft:spider":9,"minecraft:vindicator":1,"minecraft:skeleton":4,"minecraft:pillager":4,"minecraft:zombie":7,"minecraft:drowned":1},"minecraft:mined":{"minecraft:acacia_leaves":1,"minecraft:crafting_table":1,"minecraft:spruce_trapdoor":1,"minecraft:grass_block":113,"minecraft:tall_grass":33,"minecraft:cobblestone":7,"minecraft:oak_planks":14,"minecraft:birch_planks":22,"minecraft:coarse_dirt":3,"minecraft:wheat":126,"minecraft:barrel":1,"minecraft:grass":72,"minecraft:oak_log":25,"minecraft:coal_ore":1,"minecraft:sand":6,"minecraft:dirt":78,"minecraft:smooth_basalt":2,"minecraft:stone":17,"minecraft:white_wool":22,"minecraft:oak_leaves":40,"minecraft:tripwire":1},"minecraft:broken":{"minecraft:stone_axe":1,"minecraft:stone_shovel":1},"minecraft:used":{"minecraft:wheat_seeds":125,"minecraft:stone_sword":31,"minecraft:glass_bottle":8,"minecraft:stone_shovel":186,"minecraft:stone_pickaxe":41,"minecraft:oak_planks":5,"minecraft:ladder":12,"minecraft:wooden_pickaxe":9,"minecraft:rotten_flesh":5,"minecraft:dirt":247,"minecraft:crafting_table":3,"minecraft:white_bed":1,"minecraft:bread":5,"minecraft:string":3,"minecraft:smooth_basalt":2,"minecraft:stone_axe":151,"minecraft:cobblestone":3,"minecraft:potion":7,"minecraft:oak_sapling":4,"tombstone:gift":5,"minecraft:dandelion":1,"minecraft:coarse_dirt":3}},"DataVersion":3465}