{"stats":{"minecraft:dropped":{"minecraft:glass_bottle":1,"anthropology_items__structures:limestone":7,"minecraft:writable_book":1},"minecraft:used":{"minecraft:writable_book":2,"minecraft:stone_sword":19,"minecraft:glass_bottle":13,"minecraft:stone_pickaxe":110,"minecraft:oak_planks":20,"minecraft:chest":4,"minecraft:wooden_pickaxe":22,"minecraft:quartz_stairs":1,"minecraft:rotten_flesh":14,"minecraft:iron_chestplate":1,"minecraft:dirt":8,"minecraft:red_bed":3,"minecraft:crafting_table":1,"minecraft:oak_log":9,"minecraft:jungle_log":1,"minecraft:leather_helmet":1,"minecraft:spruce_trapdoor":1,"minecraft:stone_axe":134,"minecraft:potion":12,"minecraft:cobblestone":14,"minecraft:furnace":1,"minecraft:oak_sapling":13,"minecraft:cooked_porkchop":1,"minecraft:dark_oak_fence":1,"tombstone:gift":1,"chococraft:gysahl_green":14,"alexsmobs:animal_dictionary":1,"minecraft:air":1,"minecraft:iron_leggings":1},"minecraft:picked_up":{"minecraft:coarse_dirt":2,"chococraft:loverly_gysahl_green":3,"minecraft:jungle_log":1,"minecraft:oak_log":87,"anthropology_items__structures:limestone":7,"minecraft:dirt":5,"minecraft:red_bed":3,"minecraft:raw_copper":1,"minecraft:bone":1,"chococraft:gysahl_green":19,"minecraft:wheat_seeds":3,"minecraft:cobbled_deepslate":23,"minecraft:raw_gold":1,"minecraft:azalea":1,"minecraft:quartz_stairs":2,"minecraft:sugar_cane":6,"minecraft:oak_planks":36,"minecraft:spruce_trapdoor":6,"minecraft:furnace":1,"minecraft:stick":18,"minecraft:raw_iron":16,"minecraft:gravel":1,"minecraft:porkchop":4,"minecraft:sand":3,"chococraft:gysahl_green_seeds":9,"tombstone:grave_dust":4,"minecraft:ink_sac":5,"minecraft:leather_helmet":1,"minecraft:jungle_sign":1,"minecraft:rotten_flesh":2,"minecraft:writable_book":1,"minecraft:oak_sapling":15,"minecraft:dark_oak_fence":1,"minecraft:iron_bars":2,"minecraft:coal":4,"minecraft:cobblestone":163},"minecraft:mined":{"anthropology_items__structures:limestone":7,"minecraft:red_bed":3,"minecraft:quartz_stairs":1,"minecraft:spruce_trapdoor":6,"minecraft:dark_oak_fence":1,"minecraft:jungle_log":1,"minecraft:tall_grass":8,"minecraft:cobblestone":1,"minecraft:deepslate_coal_ore":3,"minecraft:sugar_cane":3,"minecraft:oak_planks":1,"minecraft:coarse_dirt":1,"minecraft:furnace":1,"minecraft:iron_ore":16,"minecraft:grass":13,"chococraft:gysahl_green":9,"minecraft:oak_log":90,"minecraft:coal_ore":1,"minecraft:vine":2,"minecraft:iron_bars":2,"minecraft:packed_ice":2,"minecraft:sand":3,"minecraft:dirt":5,"minecraft:azalea":1,"minecraft:stone":76,"minecraft:oak_leaves":6,"minecraft:deepslate":20},"minecraft:broken":{"minecraft:stone_axe":1},"minecraft:killed":{"minecraft:spider":1,"minecraft:creeper":1,"minecraft:skeleton":1,"minecraft:zombie":4,"minecraft:drowned":1},"minecraft:custom":{"minecraft:interact_with_furnace":24,"minecraft:mob_kills":8,"minecraft:interact_with_crafting_table":11,"minecraft:open_barrel":7,"minecraft:leave_game":2,"minecraft:time_since_death":11435,"minecraft:sleep_in_bed":5,"minecraft:climb_one_cm":12524,"minecraft:time_since_rest":11395,"minecraft:sprint_one_cm":195256,"minecraft:damage_taken":2288,"minecraft:walk_one_cm":162359,"minecraft:drop":3,"minecraft:damage_dealt":1853,"minecraft:swim_one_cm":171430,"minecraft:fly_one_cm":447381,"minecraft:player_kills":2,"minecraft:open_chest":18,"minecraft:play_time":80757,"minecraft:crouch_one_cm":3285,"tombstone:undead_killed":6,"minecraft:deaths":8,"minecraft:sneak_time":1108,"minecraft:walk_under_water_one_cm":24565,"minecraft:jump":1958,"minecraft:walk_on_water_one_cm":44338,"minecraft:total_world_time":80757,"minecraft:fall_one_cm":51566},"minecraft:killed_by":{"naturalist:rattlesnake":1},"minecraft:crafted":{"minecraft:glass_bottle":3,"minecraft:oak_planks":36,"minecraft:cooked_porkchop":4,"minecraft:crafting_table":1,"minecraft:wooden_pickaxe":1,"minecraft:furnace":1,"minecraft:stone_axe":2,"minecraft:air":0,"minecraft:glass":3,"minecraft:iron_chestplate":1,"minecraft:shield":1,"minecraft:stick":8,"minecraft:iron_ingot":16,"minecraft:stone_pickaxe":1,"minecraft:chest":4,"minecraft:stone_sword":1,"minecraft:iron_leggings":1}},"DataVersion":3465}