{"stats":{"minecraft:dropped":{"minecraft:glass_bottle":1,"anthropology_items__structures:limestone":7,"minecraft:writable_book":1},"minecraft:used":{"minecraft:writable_book":2,"minecraft:stone_sword":19,"minecraft:glass_bottle":12,"minecraft:stone_pickaxe":107,"minecraft:oak_planks":20,"minecraft:wooden_pickaxe":22,"minecraft:quartz_stairs":1,"minecraft:rotten_flesh":12,"minecraft:iron_chestplate":1,"minecraft:red_bed":2,"minecraft:crafting_table":1,"minecraft:oak_log":3,"minecraft:jungle_log":1,"minecraft:leather_helmet":1,"minecraft:stone_axe":123,"minecraft:potion":10,"minecraft:cobblestone":14,"minecraft:furnace":1,"minecraft:oak_sapling":13,"tombstone:gift":1,"chococraft:gysahl_green":14,"alexsmobs:animal_dictionary":1,"minecraft:air":1,"minecraft:iron_leggings":1},"minecraft:picked_up":{"minecraft:coarse_dirt":2,"chococraft:loverly_gysahl_green":3,"minecraft:jungle_log":1,"minecraft:oak_log":87,"anthropology_items__structures:limestone":7,"minecraft:dirt":5,"minecraft:red_bed":3,"minecraft:raw_copper":1,"chococraft:gysahl_green":19,"minecraft:wheat_seeds":3,"minecraft:cobbled_deepslate":23,"minecraft:raw_gold":1,"minecraft:azalea":1,"minecraft:quartz_stairs":2,"minecraft:sugar_cane":6,"minecraft:oak_planks":36,"minecraft:furnace":1,"minecraft:stick":18,"minecraft:raw_iron":16,"minecraft:gravel":1,"minecraft:porkchop":4,"minecraft:sand":3,"chococraft:gysahl_green_seeds":9,"tombstone:grave_dust":2,"minecraft:ink_sac":5,"minecraft:leather_helmet":1,"minecraft:rotten_flesh":2,"minecraft:writable_book":1,"minecraft:oak_sapling":15,"minecraft:iron_bars":2,"minecraft:coal":1,"minecraft:cobblestone":163},"minecraft:mined":{"anthropology_items__structures:limestone":7,"minecraft:red_bed":3,"minecraft:quartz_stairs":1,"minecraft:jungle_log":1,"minecraft:tall_grass":8,"minecraft:cobblestone":1,"minecraft:sugar_cane":3,"minecraft:oak_planks":1,"minecraft:coarse_dirt":1,"minecraft:furnace":1,"minecraft:iron_ore":16,"minecraft:grass":13,"chococraft:gysahl_green":9,"minecraft:oak_log":90,"minecraft:coal_ore":1,"minecraft:vine":2,"minecraft:iron_bars":2,"minecraft:sand":3,"minecraft:dirt":5,"minecraft:azalea":1,"minecraft:stone":76,"minecraft:oak_leaves":6,"minecraft:deepslate":20},"minecraft:killed":{"minecraft:spider":1,"minecraft:creeper":1,"minecraft:zombie":4},"minecraft:custom":{"minecraft:interact_with_furnace":21,"minecraft:mob_kills":6,"minecraft:interact_with_crafting_table":9,"minecraft:open_barrel":7,"minecraft:leave_game":1,"minecraft:time_since_death":11140,"minecraft:sleep_in_bed":4,"minecraft:climb_one_cm":3485,"minecraft:time_since_rest":5559,"minecraft:sprint_one_cm":150917,"minecraft:damage_taken":1951,"minecraft:walk_one_cm":128202,"minecraft:drop":3,"minecraft:damage_dealt":1582,"minecraft:swim_one_cm":142129,"minecraft:fly_one_cm":375467,"minecraft:player_kills":2,"minecraft:open_chest":10,"minecraft:play_time":56864,"minecraft:crouch_one_cm":3257,"tombstone:undead_killed":4,"minecraft:deaths":7,"minecraft:sneak_time":1045,"minecraft:walk_under_water_one_cm":13506,"minecraft:jump":1595,"minecraft:walk_on_water_one_cm":25205,"minecraft:total_world_time":56864,"minecraft:fall_one_cm":45204},"minecraft:killed_by":{"naturalist:rattlesnake":1},"minecraft:crafted":{"minecraft:glass_bottle":3,"minecraft:oak_planks":36,"minecraft:crafting_table":1,"minecraft:wooden_pickaxe":1,"minecraft:furnace":1,"minecraft:stone_axe":1,"minecraft:air":0,"minecraft:glass":3,"minecraft:iron_chestplate":1,"minecraft:shield":1,"minecraft:stick":8,"minecraft:iron_ingot":16,"minecraft:stone_pickaxe":1,"minecraft:stone_sword":1,"minecraft:iron_leggings":1}},"DataVersion":3465}