{"stats":{"minecraft:dropped":{"minecraft:wheat_seeds":5,"naturalist:snail_shell":1,"minecraft:stone_sword":1,"alexsmobs:animal_dictionary":2,"minecraft:stripped_jungle_wood":1,"minecraft:book":1,"chococraft:gysahl_green_seeds":6,"minecraft:jungle_planks":16,"minecraft:jungle_slab":1,"minecraft:dirt":15,"minecraft:oak_sapling":3,"minecraft:map":3,"minecraft:ladder":1,"minecraft:slime_ball":1,"minecraft:string":1,"minecraft:black_wool":1},"minecraft:used":{"minecraft:stone_sword":3,"minecraft:stone_pickaxe":59,"minecraft:glass_bottle":23,"minecraft:ladder":5,"minecraft:wooden_pickaxe":11,"minecraft:shield":8,"minecraft:torch":5,"minecraft:mossy_cobblestone":2,"minecraft:dirt":3,"anthropology_items__structures:hunters_machete":51,"minecraft:crafting_table":2,"minecraft:jungle_planks":4,"minecraft:oak_log":1,"minecraft:lantern":3,"minecraft:string":1,"minecraft:bread":5,"minecraft:jungle_log":8,"minecraft:stone_axe":71,"minecraft:potion":20,"minecraft:furnace":1,"minecraft:oak_sapling":3,"chococraft:gysahl_green":15,"minecraft:air":2,"minecraft:experience_bottle":1},"minecraft:picked_up":{"minecraft:charcoal":4,"minecraft:crafting_table":2,"chococraft:loverly_gysahl_green":4,"minecraft:allium":6,"minecraft:chicken":2,"minecraft:ladder":6,"minecraft:jungle_log":10,"minecraft:leather":5,"minecraft:wooden_pickaxe":1,"minecraft:smoker":1,"minecraft:potato":5,"minecraft:oak_log":42,"minecraft:map":3,"minecraft:string":2,"minecraft:dirt":33,"minecraft:paper":5,"minecraft:lantern":9,"minecraft:raw_copper":44,"minecraft:compass":1,"minecraft:experience_bottle":1,"chococraft:gysahl_green":19,"minecraft:apple":2,"minecraft:wheat_seeds":6,"minecraft:beef":5,"minecraft:coal_block":3,"naturalist:snail_shell":2,"minecraft:oak_planks":5,"minecraft:book":1,"minecraft:raw_iron":2,"minecraft:stick":15,"minecraft:torch":4,"minecraft:sand":9,"minecraft:jungle_planks":20,"chococraft:gysahl_green_seeds":18,"minecraft:carrot":7,"minecraft:mossy_cobblestone":2,"minecraft:jungle_slab":1,"alexsmobs:animal_dictionary":2,"minecraft:stone_sword":1,"minecraft:slime_ball":2,"minecraft:pumpkin_pie":2,"farmersdelight:onion":2,"minecraft:hay_block":11,"minecraft:stripped_jungle_wood":2,"minecraft:iron_block":1,"minecraft:oak_sapling":9,"minecraft:black_wool":1,"minecraft:mutton":12,"minecraft:coal":10,"alexsmobs:lobster_tail":2,"minecraft:white_wool":4,"minecraft:cobblestone":38},"minecraft:mined":{"minecraft:stone_pressure_plate":1,"minecraft:mossy_cobblestone":2,"minecraft:jungle_slab":1,"minecraft:smoker":1,"farmersdelight:wild_carrots":5,"minecraft:jungle_leaves":5,"minecraft:torch":4,"minecraft:crafting_table":1,"minecraft:ladder":4,"minecraft:allium":1,"minecraft:grass_block":9,"minecraft:jungle_planks":4,"minecraft:stripped_jungle_wood":1,"minecraft:chest":1,"minecraft:jungle_log":6,"minecraft:campfire":2,"minecraft:coal_block":3,"minecraft:copper_ore":7,"minecraft:tall_grass":15,"minecraft:oak_planks":6,"minecraft:wall_torch":1,"minecraft:hay_block":11,"farmersdelight:wild_onions":3,"minecraft:iron_ore":2,"minecraft:grass":13,"chococraft:gysahl_green":7,"minecraft:coal_ore":6,"minecraft:oak_log":45,"minecraft:vine":6,"minecraft:lantern":6,"minecraft:sand":9,"minecraft:dirt":9,"minecraft:stone":38,"minecraft:iron_block":1,"minecraft:tripwire":1,"minecraft:oak_leaves":9},"minecraft:killed":{"alexsmobs:lobster":3,"minecraft:pig":1,"alexsmobs:seagull":1,"minecraft:horse":2,"minecraft:sheep":6,"minecraft:skeleton":3,"minecraft:cow":2},"minecraft:custom":{"minecraft:interact_with_furnace":11,"minecraft:mob_kills":18,"minecraft:interact_with_crafting_table":7,"minecraft:open_barrel":1,"minecraft:leave_game":3,"minecraft:time_since_death":38992,"minecraft:sleep_in_bed":1,"minecraft:climb_one_cm":41281,"minecraft:time_since_rest":744,"minecraft:sprint_one_cm":76095,"minecraft:damage_taken":318,"minecraft:walk_one_cm":121338,"minecraft:damage_blocked_by_shield":175,"minecraft:drop":18,"minecraft:damage_dealt":2333,"minecraft:swim_one_cm":40731,"minecraft:fly_one_cm":142693,"minecraft:open_chest":12,"minecraft:play_time":38992,"minecraft:crouch_one_cm":2932,"tombstone:undead_killed":3,"minecraft:sneak_time":1950,"minecraft:walk_under_water_one_cm":6188,"minecraft:jump":668,"minecraft:walk_on_water_one_cm":17160,"minecraft:fall_one_cm":9148,"minecraft:total_world_time":38992,"minecraft:interact_with_smoker":5},"minecraft:crafted":{"minecraft:glass_bottle":3,"minecraft:oak_planks":40,"minecraft:coal":27,"minecraft:crafting_table":1,"minecraft:wooden_pickaxe":1,"minecraft:furnace":1,"minecraft:stone_axe":1,"minecraft:bread":33,"minecraft:air":0,"minecraft:jungle_planks":8,"minecraft:glass":9,"minecraft:charcoal":16,"minecraft:shield":1,"minecraft:stick":12,"minecraft:iron_ingot":11,"minecraft:stone_pickaxe":1,"minecraft:stone_sword":1,"minecraft:wheat":99}},"DataVersion":3465}