{"stats":{"minecraft:crafted":{"minecraft:cooked_beef":8,"minecraft:glass_bottle":3,"minecraft:oak_planks":60,"minecraft:cooked_porkchop":4,"minecraft:crafting_table":2,"minecraft:dried_kelp":27,"minecraft:wooden_pickaxe":1,"minecraft:cooked_chicken":1,"minecraft:furnace":2,"minecraft:copper_ingot":8,"minecraft:stone_axe":1,"minecraft:cooked_mutton":4,"minecraft:air":0,"minecraft:oak_boat":1,"minecraft:glass":3,"minecraft:charcoal":10,"minecraft:stick":16,"minecraft:stone_pickaxe":3,"minecraft:stone_sword":1,"minecraft:chest":2,"minecraft:torch":12},"minecraft:picked_up":{"minecraft:mud":2,"minecraft:wheat":47,"minecraft:crafting_table":3,"minecraft:allium":26,"minecraft:feather":1,"minecraft:chicken":1,"minecraft:leather":5,"minecraft:oak_log":34,"minecraft:string":6,"minecraft:dirt":9,"minecraft:raw_copper":19,"minecraft:bone":1,"minecraft:kelp":27,"minecraft:wheat_seeds":137,"minecraft:beef":9,"minecraft:egg":1,"minecraft:furnace":2,"minecraft:stick":1,"minecraft:pumpkin":4,"minecraft:torch":22,"minecraft:porkchop":4,"minecraft:sand":5,"minecraft:amethyst_shard":8,"minecraft:spider_eye":2,"minecraft:rotten_flesh":10,"farmersdelight:onion":13,"alexsmobs:maggot":1,"minecraft:oak_sapling":4,"minecraft:cod":1,"minecraft:mutton":7,"minecraft:coal":28,"minecraft:white_wool":4,"minecraft:cobblestone":330},"minecraft:custom":{"minecraft:interact_with_furnace":28,"minecraft:mob_kills":27,"minecraft:interact_with_crafting_table":15,"minecraft:leave_game":3,"minecraft:time_since_death":66413,"minecraft:time_since_rest":66075,"minecraft:sprint_one_cm":142218,"minecraft:damage_taken":1070,"minecraft:walk_one_cm":148320,"minecraft:damage_dealt":3674,"minecraft:swim_one_cm":106559,"minecraft:fly_one_cm":270375,"minecraft:open_chest":7,"minecraft:crouch_one_cm":3383,"minecraft:play_time":83180,"tombstone:undead_killed":4,"minecraft:deaths":2,"minecraft:sneak_time":2724,"minecraft:walk_under_water_one_cm":24252,"minecraft:boat_one_cm":75472,"minecraft:jump":1401,"minecraft:walk_on_water_one_cm":22202,"minecraft:total_world_time":83180,"minecraft:fall_one_cm":26329},"minecraft:killed":{"minecraft:pig":2,"minecraft:spider":4,"minecraft:cod":2,"minecraft:creeper":3,"minecraft:sheep":5,"minecraft:skeleton":2,"minecraft:zombie":1,"alexsmobs:banana_slug":1,"minecraft:chicken":1,"minecraft:drowned":1,"minecraft:cow":5},"minecraft:mined":{"minecraft:kelp_plant":3,"minecraft:amethyst_cluster":2,"minecraft:crafting_table":3,"minecraft:torch":8,"minecraft:allium":1,"minecraft:grass_block":2,"minecraft:tall_grass":18,"minecraft:copper_ore":5,"minecraft:cobblestone":27,"minecraft:wall_torch":14,"farmersdelight:wild_onions":14,"minecraft:furnace":2,"minecraft:mud":2,"minecraft:wheat":57,"minecraft:pumpkin":4,"minecraft:grass":28,"minecraft:oak_log":34,"minecraft:coal_ore":28,"minecraft:dirt":7,"minecraft:sand":3,"minecraft:cobweb":4,"minecraft:stone":297,"minecraft:oak_leaves":1},"minecraft:used":{"minecraft:wheat_seeds":49,"minecraft:stone_sword":82,"minecraft:glass_bottle":27,"minecraft:stone_pickaxe":346,"minecraft:dried_kelp":27,"minecraft:chest":2,"minecraft:wooden_pickaxe":28,"minecraft:cooked_chicken":1,"minecraft:rotten_flesh":2,"minecraft:torch":31,"minecraft:dirt":5,"minecraft:sand":2,"minecraft:crafting_table":5,"minecraft:stone_axe":38,"minecraft:cobblestone":54,"minecraft:potion":27,"minecraft:furnace":3,"minecraft:oak_sapling":4,"tombstone:gift":1,"minecraft:oak_boat":1,"minecraft:air":2,"minecraft:cooked_beef":5},"minecraft:broken":{"minecraft:stone_pickaxe":2}},"DataVersion":3465}