{"stats":{"minecraft:used":{"minecraft:dirt":1,"chococraft:gysahl_green":4},"minecraft:picked_up":{"minecraft:stick":2,"chococraft:gysahl_green":13,"minecraft:wheat_seeds":2,"minecraft:oak_log":6,"chococraft:gysahl_green_seeds":5,"minecraft:oak_sapling":1,"minecraft:snowball":6,"minecraft:dirt":2},"minecraft:mined":{"minecraft:podzol":3,"minecraft:grass":8,"chococraft:gysahl_green":5,"minecraft:oak_log":6,"minecraft:oak_leaves":1},"minecraft:custom":{"minecraft:time_since_rest":1,"minecraft:crouch_one_cm":127,"minecraft:deaths":7,"minecraft:sprint_one_cm":15730,"minecraft:play_time":39022,"minecraft:damage_taken":2435,"minecraft:walk_one_cm":15831,"minecraft:sneak_time":113,"minecraft:walk_under_water_one_cm":652,"minecraft:jump":100,"minecraft:leave_game":3,"minecraft:time_since_death":264,"minecraft:walk_on_water_one_cm":2859,"minecraft:total_world_time":39022,"minecraft:fall_one_cm":1973,"minecraft:fly_one_cm":21637},"minecraft:crafted":{"minecraft:oak_planks":24,"minecraft:crafting_table":1}},"DataVersion":3465}