{"stats":{"minecraft:dropped":{"minecraft:oak_door":1,"minecraft:stone_axe":1,"minecraft:golden_helmet":3,"minecraft:rotten_flesh":4,"minecraft:dirt":1,"minecraft:stone_button":2,"minecraft:golden_leggings":5},"minecraft:used":{"minecraft:stone_pickaxe":78,"minecraft:wooden_pickaxe":4,"minecraft:iron_sword":40,"minecraft:rotten_flesh":2,"minecraft:dirt":16,"minecraft:crafting_table":1,"minecraft:apple":2,"minecraft:bread":3,"minecraft:map":1,"minecraft:golden_leggings":1,"minecraft:golden_helmet":1,"minecraft:stone_axe":23,"minecraft:cobblestone":1,"minecraft:oak_sapling":1,"alexsmobs:animal_dictionary":1,"minecraft:potato":13,"minecraft:experience_bottle":1},"minecraft:picked_up":{"minecraft:charcoal":26,"minecraft:crafting_table":1,"minecraft:repeater":7,"minecraft:redstone_lamp":7,"minecraft:golden_leggings":5,"minecraft:smithing_table":1,"minecraft:oak_stairs":1,"minecraft:oak_log":12,"minecraft:dirt":17,"minecraft:lantern":5,"minecraft:armor_stand":2,"minecraft:item_frame":1,"minecraft:experience_bottle":1,"minecraft:wheat_seeds":1,"minecraft:iron_ingot":2,"minecraft:coal_block":12,"minecraft:iron_sword":1,"minecraft:oak_planks":2,"minecraft:furnace":2,"minecraft:book":4,"minecraft:golden_helmet":4,"minecraft:oak_door":1,"minecraft:daylight_detector":4,"minecraft:stone_button":2,"minecraft:blast_furnace":1,"alexsmobs:animal_dictionary":1,"minecraft:rotten_flesh":6,"minecraft:stone_axe":1,"minecraft:chainmail_leggings":1,"minecraft:gold_ingot":2,"minecraft:oak_sapling":1,"minecraft:coal":14,"minecraft:cobblestone":46},"minecraft:mined":{"minecraft:smithing_table":1,"minecraft:podzol":1,"minecraft:dark_oak_wood":4,"minecraft:blast_furnace":1,"minecraft:campfire":13,"minecraft:coal_block":12,"minecraft:tall_grass":2,"minecraft:cobblestone":3,"minecraft:repeater":8,"minecraft:furnace":2,"minecraft:grass":1,"minecraft:coal_ore":14,"minecraft:oak_log":6,"minecraft:lantern":4,"minecraft:dirt":9,"minecraft:stone":43,"minecraft:daylight_detector":4,"minecraft:redstone_lamp":8},"minecraft:killed":{"minecraft:zombie":3},"minecraft:custom":{"minecraft:interact_with_furnace":1,"minecraft:mob_kills":4,"minecraft:interact_with_crafting_table":3,"minecraft:open_barrel":3,"minecraft:leave_game":2,"minecraft:time_since_death":284,"minecraft:sleep_in_bed":1,"minecraft:climb_one_cm":4318,"minecraft:time_since_rest":5,"minecraft:sprint_one_cm":122537,"minecraft:damage_taken":724,"minecraft:walk_one_cm":66578,"minecraft:drop":13,"minecraft:damage_dealt":642,"minecraft:swim_one_cm":20258,"minecraft:fly_one_cm":189243,"minecraft:open_chest":9,"minecraft:crouch_one_cm":6610,"minecraft:play_time":30421,"tombstone:undead_killed":3,"minecraft:deaths":3,"minecraft:sneak_time":2475,"minecraft:walk_under_water_one_cm":1498,"minecraft:jump":700,"minecraft:walk_on_water_one_cm":3489,"minecraft:total_world_time":30421,"minecraft:fall_one_cm":21830},"minecraft:crafted":{"minecraft:oak_planks":24,"minecraft:stone_shovel":1,"minecraft:crafting_table":1,"minecraft:wooden_pickaxe":1,"minecraft:stone_axe":1,"minecraft:stick":8,"minecraft:stone_pickaxe":1}},"DataVersion":3465}