{"stats":{"minecraft:dropped":{"minecraft:stone_axe":1,"minecraft:stone_button":2},"minecraft:used":{"minecraft:apple":2,"minecraft:stone_pickaxe":71,"minecraft:wooden_pickaxe":4,"minecraft:iron_sword":12,"minecraft:rotten_flesh":2,"minecraft:golden_leggings":1,"minecraft:golden_helmet":1,"minecraft:stone_axe":7,"minecraft:dirt":5,"minecraft:cobblestone":1,"minecraft:crafting_table":1,"minecraft:oak_sapling":1,"alexsmobs:animal_dictionary":1,"minecraft:potato":13,"minecraft:experience_bottle":1},"minecraft:picked_up":{"minecraft:book":4,"minecraft:golden_helmet":3,"minecraft:crafting_table":1,"minecraft:oak_door":1,"minecraft:smithing_table":1,"minecraft:golden_leggings":4,"minecraft:oak_stairs":1,"minecraft:oak_log":12,"minecraft:stone_button":2,"alexsmobs:animal_dictionary":1,"minecraft:dirt":16,"minecraft:lantern":5,"minecraft:item_frame":1,"minecraft:armor_stand":2,"minecraft:experience_bottle":1,"minecraft:rotten_flesh":6,"minecraft:stone_axe":1,"minecraft:wheat_seeds":1,"minecraft:iron_ingot":2,"minecraft:gold_ingot":1,"minecraft:oak_sapling":1,"minecraft:coal_block":12,"minecraft:oak_planks":2,"minecraft:iron_sword":1,"minecraft:coal":14,"minecraft:cobblestone":43},"minecraft:mined":{"minecraft:podzol":1,"minecraft:grass":1,"minecraft:oak_log":6,"minecraft:coal_ore":14,"minecraft:lantern":4,"minecraft:coal_block":12,"minecraft:tall_grass":1,"minecraft:stone":43,"minecraft:smithing_table":1},"minecraft:killed":{"minecraft:zombie":3},"minecraft:custom":{"minecraft:time_since_rest":1,"minecraft:interact_with_furnace":1,"minecraft:sprint_one_cm":72648,"minecraft:damage_taken":234,"minecraft:walk_one_cm":53035,"minecraft:mob_kills":4,"minecraft:drop":2,"minecraft:damage_dealt":642,"minecraft:swim_one_cm":8526,"minecraft:interact_with_crafting_table":3,"minecraft:fly_one_cm":82379,"minecraft:open_chest":7,"minecraft:crouch_one_cm":3175,"minecraft:play_time":18528,"tombstone:undead_killed":3,"minecraft:deaths":1,"minecraft:sneak_time":1084,"minecraft:walk_under_water_one_cm":1005,"minecraft:jump":331,"minecraft:leave_game":2,"minecraft:walk_on_water_one_cm":1408,"minecraft:time_since_death":296,"minecraft:climb_one_cm":2286,"minecraft:total_world_time":18528,"minecraft:fall_one_cm":11614},"minecraft:crafted":{"minecraft:oak_planks":24,"minecraft:stone_shovel":1,"minecraft:crafting_table":1,"minecraft:stick":8,"minecraft:wooden_pickaxe":1,"minecraft:stone_pickaxe":1,"minecraft:stone_axe":1}},"DataVersion":3465}