{"stats":{"minecraft:dropped":{"minecraft:stone_axe":1},"minecraft:used":{"minecraft:stone_pickaxe":58,"minecraft:wooden_pickaxe":4,"minecraft:stone_axe":2,"minecraft:dirt":5,"minecraft:cobblestone":1,"minecraft:crafting_table":1,"minecraft:oak_sapling":1,"alexsmobs:animal_dictionary":1,"minecraft:potato":13},"minecraft:picked_up":{"minecraft:oak_log":6,"alexsmobs:animal_dictionary":1,"minecraft:dirt":16,"minecraft:lantern":4,"minecraft:stone_axe":1,"minecraft:wheat_seeds":1,"minecraft:iron_ingot":2,"minecraft:gold_ingot":1,"minecraft:oak_sapling":1,"minecraft:coal":14,"minecraft:cobblestone":43},"minecraft:mined":{"minecraft:podzol":1,"minecraft:grass":1,"minecraft:oak_log":6,"minecraft:coal_ore":14,"minecraft:lantern":4,"minecraft:tall_grass":1,"minecraft:stone":43},"minecraft:custom":{"minecraft:time_since_rest":12197,"minecraft:sprint_one_cm":57689,"minecraft:damage_taken":40,"minecraft:walk_one_cm":22017,"minecraft:drop":1,"minecraft:swim_one_cm":8526,"minecraft:interact_with_crafting_table":3,"minecraft:fly_one_cm":75701,"minecraft:open_chest":6,"minecraft:crouch_one_cm":1909,"minecraft:play_time":12197,"minecraft:sneak_time":615,"minecraft:walk_under_water_one_cm":1005,"minecraft:jump":293,"minecraft:leave_game":2,"minecraft:walk_on_water_one_cm":1309,"minecraft:time_since_death":12197,"minecraft:climb_one_cm":1236,"minecraft:total_world_time":12197,"minecraft:fall_one_cm":10503},"minecraft:crafted":{"minecraft:oak_planks":24,"minecraft:stone_shovel":1,"minecraft:crafting_table":1,"minecraft:stick":8,"minecraft:wooden_pickaxe":1,"minecraft:stone_pickaxe":1,"minecraft:stone_axe":1}},"DataVersion":3465}